Question ID,Category,Question,Answer
AA376,Advance care planning,nan,nan
AA169,Aggression,"As a caregiver, I've been noticing some aggressive behavior in my loved one with dementia. Could you let me know about common factors that might trigger such behaviour?","Aggressive behavior in dementia can result from a variety of factors. Common triggers include:

1. Environmental Factors: Loud noise, clutter, or a large number of people in the room can cause agitation.
2. Physical Discomfort: They could be hungry, tired, in pain, or need to use the bathroom.
3. Health Problems: Infections or illnesses can worsen dementia symptoms and trigger aggression.
4. Difficulty with Complex Tasks: Frustration from tasks like getting dressed can lead to outbursts.
5. Poor Communication: If they are unable to understand you or express their feelings, aggression can result.
6. Changes in Routine: People with dementia may become upset if their daily routine is changed.
7. Fear and Anxiety: Dementia can make the world a confusing place, causing fear which they respond to with aggression.

As a caregiver, understanding these triggers can be beneficial in avoiding or reducing aggressive behaviors."
AA092,Alcohol intake,What could be the possible negative impacts of consuming alcohol for a family member who has Mild Cognitive Impairment?,"Consuming alcohol can exacerbate the symptoms of Mild Cognitive Impairment (MCI). Alcohol has a neurotoxic effect which can lead to further cognitive decline. It can accelerate memory loss, impair judgment, and increase confusion. Regular or heavy consumption of alcohol can also lead to an increased risk of progression from MCI to dementia. Additionally, alcohol can interact negatively with medications commonly prescribed for MCI, potentially reducing their efficacy or causing undesirable side effects. Overall, it can detrimentally impact the person's cognition, functioning, and quality of life. It's advisable for a person with MCI to limit or avoid alcohol for their health and well-being."
AA154,Anxiety,What are the typical symptoms of anxiety I should look out for in my family member who has dementia?,"Typical symptoms of anxiety in a person with dementia may include: restlessness or pacing, unexplained agitation or irritability, sleep disturbances, sudden mood changes, excessive worrying or fear, avoidance of social interaction, changes in eating habits, or increase in repetitive behaviors. In severe cases, they can also have panic attacks. It's essential to consult a healthcare professional if you notice these symptoms as combined they could indicate anxiety which needs appropriate treatment."
AA164,Apathy,What are the usual indications of apathy in a family member who has dementia?,"Apathy in a family member with dementia can manifest in several ways, including:

1. Lack of interest: They might show no interest in their usual activities or hobbies, or in interacting with family and friends.
2. Reduced social interaction: They may avoid or have no desire for social contact or conversation.
3. Emotionless demeanor: They might not express emotions or feelings as they used to - often appearing indifferent or unmotivated.
4. Reduced activity: They may not engage in as much physical activity, even tasks they previously enjoyed or did regularly.
5. Lack of initiative: They might not start actions or tasks on their own, needing prompting from others and even then they might not respond.
Remember that such symptoms could be due to other factors, so it’s always recommended to consult a healthcare professional for an accurate diagnosis."
AA216,Appetite,What strategies can I use to improve the appetite of a family member with dementia?,"1. Maintain regular meal times: Following a routine can help trigger hunger signals.
2. Make meals enjoyable: The dining environment should be quiet, relaxing, and free of distractions.
3. Finger foods: If dexterity is an issue, provide easy-to-handle foods.
4. Hydration: Ensure they're adequately hydrated. Soups and smoothies can offer additional nutrition.
5. Small portions: Large plates can appear overwhelming; try using smaller plates and servings.
6. Strengthen flavors: Dementia can dull taste buds; enhance taste by using herbs, spices, or lemon juice.
7. Prompt eating: Gentle reminders to eat can be helpful. If needed, demonstrate by eating with them.
8. Be patient: Mealtimes may take longer. Don't rush; make sure they chew and swallow safely.
9. Regular dental checkups: Oral discomfort can hinder appetite. Regularly check for dental issues.
10. Consult a dietitian or doctor if appetite doesn't improve or if weight loss occurs. They can provide strategies targeting specific needs and possibly recommend appetite stimulants."
AA297,Bathing,nan,nan
AA471,Caregiver Depression,nan,nan
AA477,Caregiver Grief,nan,nan
AA465,Caregiver Stress,nan,nan
AA483,Caregiver Support service,nan,nan
AA462,Caregiver health risk,"As a caregiver of a family member with dementia, what's the common health risks that caregivers like myself may face?","As a caregiver, especially for someone with dementia, you may face several health risks. These include stress-related conditions such as anxiety, depression, and insomnia, which can lead to more serious complications like heart disease, high blood pressure, or a weakened immune system. Chronic fatigue is common due to the demands of providing round-the-clock care. There's also an increased risk of physical injuries from lifting or assisting your loved one. Lastly, caregivers frequently neglect their own health needs, like skipping their own doctor appointments or not maintaining a balanced diet, which can additionally detriment their health. It's crucial to take care of your own health while caring for a loved one with dementia."
AA051,Clinical trials,nan,nan
AA209,Cognitive Changes,nan,nan
AA119,Cognitive activities,What are some cognitive activities that could potentially benefit my family member who has MCI?,"Cognitive activities can be a helpful approach to slow cognitive decline in individuals with Mild Cognitive Impairment (MCI). Activities that engage the brain can include:

1. Brain-training exercises: Puzzles like crosswords, Sudoku, or memory-focused apps can stimulate the brain.
2. Regular Physical Exercise: Regular activities like walking, biking or yoga can also have cognitive benefits.
3. Social Engagement: Participating in social activities can provide mental stimulation.
4. Reading and Writing: These activities help keep the mind active and engaged.
5. Artistic Activities: Drawing, painting or playing a musical instrument can enhance cognitive function. 

It's important to consult with a physician or a mental health professional for expert guidance tailored to the individual's condition and capabilities."
AA243,Communication,"As the caregiver of a family member in the late stage of dementia, could you please suggest some effective communication strategies that I can use to communicate with them better?","Communicating with a dementia patient, especially in the late stages, can be challenging. Here are few strategies you can use:

1. Non-verbal Communication: Use eye contact, touch, and body language to express your feelings. This can be more effective when verbal communication may confuse the patient.

2. Simplified Language: Use simple and concise sentences. Speak clearly, slowly, and use a reassuring tone. Avoid asking open-ended questions.

3. Patience and Understanding: Allow the person time to respond. Your patience, reassurance, and understanding can go a long way in communication.

4. Keep Distractions at Minimum: Less environmental noise can help the patient focus better on the conversation.

5. Use Visual Cues: Objects, photos, or gestures can aid in communication.

6. Validate their Feelings: Do not argue or correct their misconceptions routinely. Instead, validate their feelings to make them feel heard and safe. 

Always remember, your approach can impact the person's ability to communicate their thoughts and feelings effectively."
AA347,Continence,nan,nan
AA394,Daily Care Plan,nan,nan
AA187,Delusions,Can you please inform me about the common delusions that someone with dementia often experience?,"Individuals with dementia often experience delusions due to changes occurring in the brain. Here are some common ones:

1. Persecutory Delusions: This is the belief that they are being persecuted, tricked, spied on, or intentionally harmed.
  
2. Misidentification Delusions: This is the belief that a familiar person, place, or object is not real or has been replaced.

3. Nihilistic Delusions: This is when the person believes they are dead, do not exist, or the world doesn't exist.

4. Somatic Delusions: The patient believes that they are suffering from a physical illness or their bodies are affected in some way.

5. Delusions of Infidelity: They may falsely believe that their spouse or partner is unfaithful.

Remember, these symptoms can be distressing for both the individual and their caregivers, but they're a result of the disease. If the delusions cause significant distress or danger, they may need to be treated with medication, so it's important to discuss the symptoms with a healthcare professional."
AA015,Dementia Diagnosis,nan,nan
AA146,Depression,What are the indicators of depression that I should be aware of in a family member with dementia?,"Indicators of depression in a dementia patient may include changes in mood or behavior such as increased irritability, agitation, or withdrawal from social activities. They may seem unusually sad or despondent, or have crying spells. Symptoms can also include a decrease in energy or feeling of tiredness or slowness throughout the day, changes in eating habits such as not eating or overeating, and altered sleeping patterns including trouble falling asleep, staying asleep, or wanting to sleep too much. Cognitive changes like having difficulty focusing or making decisions can also be symptoms of depression. It may also manifest physically, like general aches, pains, or digestive problems. Persistent thoughts of death or suicide can occur but are less common in dementia patients. Remember, these symptoms must cause the individual to suffer or disrupt their daily life in order to be considered indicative of depression. It's important to consult with a doctor if these signs are observed."
AA033,Diagnosis,What is the best approach to communicate our loved one's MCI or dementia diagnosis to the rest of the family?,"When sharing a loved one's diagnosis of MCI (Mild Cognitive Impairment) or dementia with the rest of the family, it's important to do it in a considerate and understanding manner. Choose a quiet, comfortable setting where everyone can gather, then explain the situation clearly and honestly, using simple terms to describe the condition, its symptoms, the results of the diagnosis, and the expected progression. Be prepared to answer questions and provide resources for further information. Try to stay positive and emphasize that while this diagnosis is challenging, there are treatments and strategies to manage the symptoms. Remind them that they are not alone, and the integrity of the support system is crucial. Also, leave room for them to express their feelings and concerns, and offer reassurances about the ongoing care for the person diagnosed."
AA081,Diet,What kinds of foods are good or bad for someone with dementia?,"For someone with dementia, a balanced diet that's low in fats and sugars can be beneficial. Foods rich in omega-3 fatty acids, such as salmon, mackerel and other oily fish, are good as they can enhance brain health. Furthermore, fruits, vegetables, whole grains, lean protein, and low-fat dairy products also contribute to maintaining overall health. Foods like blueberries that have antioxidants could potentially reduce dementia risks. On the other hand, foods to avoid include those high in saturated fats, such as red meat and butter, as well as sugary items like candy or pastries, which can increase the risk of heart disease and diabetes, potentially exacerbating dementia symptoms. Remember, this diet should be accompanied by regular physical activity, good hydration, and sufficient sleep to optimize its benefits."
AA310,Dressing,nan,nan
AA400,Driving,"As a caregiver, I'm concerned about my family member's safety when driving. Could you please tell me about the early signs of dementia that I should be alert to regarding their ability to drive safely?","Some early signs of dementia that could affect driving skills include memory loss that disrupts daily life, such as forgetting common routes or locations; difficulties with complex tasks like judging distances; confusion with time or direction; trouble conducting sequential tasks or following driving rules; decreased perception in understanding what’s happening in the surroundings; slower reaction times or sudden changes in driving behavior like abrupt stops or incorrect signaling. If you notice any of these signs, you might want to consult a healthcare professional to discuss your concerns. It's always better to prioritize safety over independence in case of dementia symptoms."
AA039,Drugs (Pharmacologic),nan,nan
AA329,Eating,nan,nan
AA371,Emergency,What kind of emergency response strategy should I establish for my family member who has dementia?,"Building an emergency response plan for a family member with dementia should involve several steps:

1. Identification: Ensure the person has some form of ID on them at all times, such as a bracelet or card in their wallet. These are often covered by medical insurance and can be requested from their medical provider.

2. Clear Communication: Inform your local law enforcement about your loved one's condition. Inform your neighbors about the condition too.

3. Medication List: Maintain an updated list of all medications, dosages and schedules for reference during emergencies.

4. Emergency Contacts: Have a list of all important numbers including family members, doctor's offices and emergency services. If caregivers visit the home, post it in a familiar place like on the refrigerator.

5. Safe Home Environment: Make sure the home environment is safe to prevent accidents.

6. Plan For Wandering: Implement strategies to manage wandering, like door alarms and GPS trackers.

7. Emergency Kit: Prepare an emergency kit with essential items such as medication, clothing, and water.

Remember to train all family members on this plan, and also regularly reassess and adjust the plan as necessary."
AA194,Euphoria,What are the typical indications of euphoria in a family member with dementia?,"Euphoria in a family member with dementia might manifest as uncharacteristically elevated mood, increased energy or activity, restlessness, diminished inhibitions, and increased sociability. They might show extreme enthusiasm or happiness, even without a particular reason. Excessive laughter, agitation, impulsivity, or displaying an unrealistic outlook on life may also be noticed. However, the symptoms can vary widely depending on the stage and type of dementia, as well as the individual's personal characteristics. If such behavioral changes are noted, it's important to consult with a healthcare provider to address potential changes in the treatment plan."
AA442,Fall,nan,nan
AA269,Finances,nan,nan
AA452,Financial,nan,nan
AA434,Firearms,nan,nan
AA276,Food preparation,nan,nan
AA305,Grooming,nan,nan
AA180,Hallucinations,What are the typical indicators that my family member with dementia might be having hallucinations?,"Common signs of hallucinations in dementia patients include: a sudden change in their behavior such as observing or interacting with unseen entities, constant talk about seeing or hearing things that aren't present, becoming upset or fearful for no apparent reason, showing signs of paranoia or suspiciousness, unusually negative reactions to certain people or places, and exhibiting symptoms of disorientation or confusion more frequently. It's important to contact a healthcare provider if these symptoms persist, as they could indicate a progression of the disease or a possible medical issue such as a urinary tract infection or medication side effect."
AA418,Home safety,nan,nan
AA261,Housekeeping,nan,nan
AA065,Insurance,nan,nan
AA203,Irritability,nan,nan
AA284,Laundry,nan,nan
AA388,Level of care,nan,nan
AA001,MCI Diagnosis,nan,nan
AA410,Medication,nan,nan
AA044,Non-pharmacologic intervention,nan,nan
AA494,Online Resources,nan,nan
AA113,Outdoor activity,What types of outdoor activities could be safely recommended for a family member living with Mild Cognitive Impairment?,"Mild Cognitive Impairment(MCI) doesn't usually interfere with daily activities, so outdoor activities can be quite beneficial. I would recommend activities such as gardening, which can act as a form of cognitive stimulation. Walking is another excellent option, as it can also help with physical health. Consider nature hikes or bird-watching which can be calming and offer mental stimulation. Low-key sports like bowling or golf can also be fun. Always ensure safety by choosing activities in safe environments, maybe accompanied by a family member or caregiver. Remember that the pace may be slower when participating in these activities with someone with MCI, so patience is key."
AA222,Pacing/Repetitive,nan,nan
AA358,Personal care,nan,nan
AA229,Personality Changes,nan,nan
AA107,Physical exercise,"As the caregiver of a family member suffering from dementia, could you recommend any specific physical exercises that would be both safe and beneficial for their condition?","Yes, I can recommend some exercises that are beneficial for dementia patients. Walking is the most basic and beneficial exercise. It increases heart rate, promoting blood flow and maintaining brain health. It also promotes balance. Chair exercises, like leg lifts or arm raises, are also good for added strength and mobility. Balance exercises, such as Tai Chi or yoga in a seated position, can help reduce the risk of falls. Dancing or water aerobic exercises can also be enjoyable yet gentle on the body. Please remember that any exercise program should be initiated slowly and under careful supervision to maintain safety. Consult a professional therapist specialized in geriatrics who can create a customized exercise plan tailored to your loved one's capabilities and needs. Always ensure the safety, comfort, and enjoyment of the exercise program to encourage ongoing participation. Regular exercise can significantly improve the quality of life for those living with dementia."
AA056,Providers/Care navigation,nan,nan
AA363,Routine visit,What are the steps I can take to adequately prepare my family member with MCI for routine medical visits?,"1. Explain about the Medical Visit: Inform your family member about the medical appointment in simple, clear language. Explain the purpose of the visit and what they can expect.

2. Prepare a List of Medications: Document all medications your loved one is on, including over-the-counter drugs and any dietary supplements. 

3. Document Symptoms: Write down any changes in memory, behavior, mood, sleeping habits, or physical health, no matter how insignificant they seem. 

4. Make a List of Questions: Prepare a list of concerns or questions to ask in order to ensure you don't forget any important issues during the consultation. 

5. Gather Medical History: Provide doctor with necessary medical history, laboratory tests, and reports from other doctors.

6. Provide Comfort Items: It may be beneficial to bring items that can comfort or alleviate stress for your family member, like a familiar blanket or a favorite book.

7. Follow-Up: Take notes during the appointment and discuss with your family member afterward to ensure they understand their condition and treatment plan."
AA253,Shopping,nan,nan
AA096,Sleep Issues,Could you recommend particular strategies to enhance the sleep quality of my family member diagnosed with MCI?,"Mild Cognitive Impairment (MCI) can affect sleep quality. Here are some strategies to improve sleep:

1. Maintain a sleep schedule: Ensuring a regular sleep-wake pattern helps to regulate the body's clock and can promote better sleep.
2. Reduce caffeine and alcohol: These substances can interfere with sleep patterns. Avoid consumption in the evening.
3. Promote a sleep-friendly environment: Keep the sleeping area dark, quiet, and cool. Consider using blackout curtains, eye shades, earplugs, or a fan.
4. Regular physical activity: Regular, moderate physical activity can help improve sleep. However, avoid heavy workouts close to bedtime.
5. Limit daytime naps: Long daytime naps can interfere with nighttime sleep.
6. Mental stimulation: Keeping the mind active during the day with puzzles, reading, or social interactions may help promote good sleep.

These are general recommendations. If sleep problems persist, it's important to consult with their healthcare provider as there could be an underlying health issue that needs attention."
AA086,Smoking,Can exposure to secondhand smoke negatively impact my family member suffering from dementia?,"Yes, exposure to secondhand smoke can indeed negatively impact your family member with dementia. Secondhand smoke is known to cause numerous health issues. It can exacerbate existing lung conditions, increase the risk of cardiovascular disease, and can even accelerate cognitive decline. In individuals with dementia, smoke can make symptoms worse and potentially accelerate the progression of the disease. Therefore, it's recommended to create a smoke-free environment for individuals living with dementia."
AA128,Social activities,What types of social activities would you recommend to engage a family member who's suffering from dementia?,"Engaging a family member with dementia in social activities can be very beneficial. I would recommend activities that involve mental focus yet are simple and familiar to them. This could include doing puzzles, gardening, listening to their favorite music, or watching family videos and photos. Art or craft activities like painting could increase expressiveness while physical activities like walking or light yoga can help increase mobility and maintain physical health. Group activities can be beneficial, such as attending group sessions designed for people with dementia. Most importantly, ensure the activities respect their interests and preferences. Some may value quiet, one-on-one interactions more. Remember to keep activities relaxed, fun and devoid of pressure."
AA138,Spiritual or religious activities,"As a caregiver, I'd like to know if there are any religious practices or spiritual activities that should be avoided for a family member with MCI?","As a physician, there's no specific religious or spiritual practices that need to be avoided for someone with Mild Cognitive Impairment (MCI). However, it is essential to ensure that these activities do not trigger stress, discomfort, or confusion. Anything that maintains their feelings of normalcy and comfort should be beneficial. Nevertheless, you might need to simplify activities or practices that they may now find complex to understand or perform due to their cognitive impairment. Always remember to be patient and supportive. As MCI progresses differently in every individual, it's important to continuously monitor their comfort and cognitive levels to adapt activities accordingly."
AA237,Sundowning,nan,nan
AA337,Toileting,nan,nan
AA291,Transportation,nan,nan
AA318,Walking/Mobility,nan,nan
AA425,Wandering,nan,nan
